-- MySQL dump 10.13  Distrib 5.7.11, for osx10.11 (x86_64)
--
-- Host: localhost    Database: farmers_market
-- ------------------------------------------------------
-- Server version	5.7.11

/*!40101 SET @OLD_CHARACTER_SET_CLIENT=@@CHARACTER_SET_CLIENT */;
/*!40101 SET @OLD_CHARACTER_SET_RESULTS=@@CHARACTER_SET_RESULTS */;
/*!40101 SET @OLD_COLLATION_CONNECTION=@@COLLATION_CONNECTION */;
/*!40101 SET NAMES utf8 */;
/*!40103 SET @OLD_TIME_ZONE=@@TIME_ZONE */;
/*!40103 SET TIME_ZONE='+00:00' */;
/*!40014 SET @OLD_UNIQUE_CHECKS=@@UNIQUE_CHECKS, UNIQUE_CHECKS=0 */;
/*!40014 SET @OLD_FOREIGN_KEY_CHECKS=@@FOREIGN_KEY_CHECKS, FOREIGN_KEY_CHECKS=0 */;
/*!40101 SET @OLD_SQL_MODE=@@SQL_MODE, SQL_MODE='NO_AUTO_VALUE_ON_ZERO' */;
/*!40111 SET @OLD_SQL_NOTES=@@SQL_NOTES, SQL_NOTES=0 */;

--
-- Table structure for table `addresses`
--

DROP TABLE IF EXISTS `addresses`;
/*!40101 SET @saved_cs_client     = @@character_set_client */;
/*!40101 SET character_set_client = utf8 */;
CREATE TABLE `addresses` (
  `id` int(11) unsigned NOT NULL AUTO_INCREMENT,
  `type` varchar(30) NOT NULL DEFAULT 'STORE',
  `address_details` longtext NOT NULL,
  `locality_id` bigint(20) NOT NULL,
  `landmark` varchar(50) DEFAULT NULL,
  `lattitude` double DEFAULT NULL,
  `longitude` double DEFAULT NULL,
  PRIMARY KEY (`id`)
) ENGINE=InnoDB DEFAULT CHARSET=utf8mb4;
/*!40101 SET character_set_client = @saved_cs_client */;

--
-- Dumping data for table `addresses`
--

LOCK TABLES `addresses` WRITE;
/*!40000 ALTER TABLE `addresses` DISABLE KEYS */;
/*!40000 ALTER TABLE `addresses` ENABLE KEYS */;
UNLOCK TABLES;

--
-- Table structure for table `cities`
--

DROP TABLE IF EXISTS `cities`;
/*!40101 SET @saved_cs_client     = @@character_set_client */;
/*!40101 SET character_set_client = utf8 */;
CREATE TABLE `cities` (
  `id` int(11) unsigned NOT NULL AUTO_INCREMENT,
  `name` varchar(50) NOT NULL DEFAULT '',
  `state` varchar(100) NOT NULL DEFAULT '',
  `created_at` datetime DEFAULT NULL,
  `updated_at` datetime NOT NULL DEFAULT CURRENT_TIMESTAMP,
  `status` varchar(20) DEFAULT 'UNSERVICEABLE',
  PRIMARY KEY (`id`)
) ENGINE=InnoDB AUTO_INCREMENT=2 DEFAULT CHARSET=utf8mb4;
/*!40101 SET character_set_client = @saved_cs_client */;

--
-- Dumping data for table `cities`
--

LOCK TABLES `cities` WRITE;
/*!40000 ALTER TABLE `cities` DISABLE KEYS */;
INSERT INTO `cities` VALUES (1,'coimbatore','tamil nadu','2016-03-16 16:57:24','2016-03-16 16:57:24','SERVICEABLE');
/*!40000 ALTER TABLE `cities` ENABLE KEYS */;
UNLOCK TABLES;

--
-- Table structure for table `localities`
--

DROP TABLE IF EXISTS `localities`;
/*!40101 SET @saved_cs_client     = @@character_set_client */;
/*!40101 SET character_set_client = utf8 */;
CREATE TABLE `localities` (
  `id` int(11) unsigned NOT NULL AUTO_INCREMENT,
  `name` varchar(100) NOT NULL DEFAULT '',
  `city_id` int(11) NOT NULL,
  `lattitude_north` double DEFAULT NULL,
  `lattitude_south` double DEFAULT NULL,
  `longitude_east` double DEFAULT NULL,
  `longitude_west` double DEFAULT NULL,
  `pincode` varchar(7) NOT NULL DEFAULT '',
  PRIMARY KEY (`id`)
) ENGINE=InnoDB DEFAULT CHARSET=utf8mb4;
/*!40101 SET character_set_client = @saved_cs_client */;

--
-- Dumping data for table `localities`
--

LOCK TABLES `localities` WRITE;
/*!40000 ALTER TABLE `localities` DISABLE KEYS */;
/*!40000 ALTER TABLE `localities` ENABLE KEYS */;
UNLOCK TABLES;

--
-- Table structure for table `order_items`
--

DROP TABLE IF EXISTS `order_items`;
/*!40101 SET @saved_cs_client     = @@character_set_client */;
/*!40101 SET character_set_client = utf8 */;
CREATE TABLE `order_items` (
  `id` bigint(20) unsigned NOT NULL AUTO_INCREMENT,
  `store_id` bigint(20) DEFAULT NULL,
  `sku_code` bigint(20) DEFAULT NULL,
  `quantity` int(3) DEFAULT NULL,
  `created_at` datetime DEFAULT NULL,
  `updated_at` timestamp(3) NOT NULL DEFAULT CURRENT_TIMESTAMP(3) ON UPDATE CURRENT_TIMESTAMP(3),
  `status` varchar(20) NOT NULL DEFAULT 'RECEIVED',
  `order_id` bigint(20) DEFAULT NULL,
  `price_offered` double NOT NULL DEFAULT '0',
  PRIMARY KEY (`id`),
  KEY `index_on_sku_code` (`sku_code`),
  KEY `index_on_store_id` (`store_id`)
) ENGINE=InnoDB AUTO_INCREMENT=212 DEFAULT CHARSET=utf8mb4;
/*!40101 SET character_set_client = @saved_cs_client */;

--
-- Dumping data for table `order_items`
--

LOCK TABLES `order_items` WRITE;
/*!40000 ALTER TABLE `order_items` DISABLE KEYS */;
INSERT INTO `order_items` VALUES (1,1,1,2,'2015-12-17 18:17:50','2015-12-17 12:47:50.000','CREATED',NULL,0),(2,1,1,2,'2015-12-18 21:32:00','2015-12-18 16:02:02.978','CREATED',NULL,0),(3,1,1,1,'2015-12-20 11:31:02','2015-12-20 06:01:05.316','CREATED',NULL,0),(4,1,1,1,'2015-12-20 11:31:52','2015-12-20 06:01:52.450','CREATED',NULL,0),(5,1,1,1,'2015-12-20 11:32:11','2015-12-20 06:02:10.694','CREATED',NULL,0),(6,1,1,1,'2015-12-20 11:32:24','2015-12-20 06:02:24.465','CREATED',NULL,0),(7,1,1,1,'2015-12-20 11:32:51','2015-12-20 06:02:51.097','CREATED',NULL,0),(8,1,1,1,'2015-12-20 11:35:10','2015-12-20 06:05:10.397','CREATED',NULL,0),(9,1,1,1,'2015-12-20 11:37:08','2015-12-20 06:07:08.323','CREATED',NULL,0),(10,1,1,1,'2015-12-20 11:37:27','2015-12-20 06:07:27.153','CREATED',NULL,0),(11,1,1,1,'2015-12-20 11:38:33','2015-12-20 06:08:32.926','CREATED',NULL,0),(12,1,1,1,'2015-12-20 11:39:15','2015-12-20 06:09:14.793','CREATED',NULL,0),(13,1,1,1,'2015-12-20 11:39:29','2015-12-20 06:09:28.820','CREATED',NULL,0),(14,1,1,1,'2015-12-21 09:36:29','2015-12-21 04:06:29.096','CREATED',NULL,0),(15,NULL,NULL,0,'2015-12-21 18:39:57','2015-12-21 13:09:57.107','CREATED',NULL,0),(16,1,1,1,'2015-12-21 19:02:26','2015-12-21 13:32:25.956','CREATED',NULL,0),(17,1,1,1,'2015-12-21 19:06:37','2015-12-21 13:36:36.528','CREATED',NULL,0),(18,1,1,1,'2015-12-21 19:06:48','2015-12-21 13:36:48.128','CREATED',NULL,0),(19,1,1,1,'2015-12-21 19:07:26','2015-12-21 13:37:26.280','CREATED',NULL,0),(20,1,1,1,'2015-12-21 23:47:30','2015-12-21 18:17:30.318','CREATED',NULL,0),(21,1,1,0,'2015-12-23 10:23:35','2015-12-23 04:53:34.827','CREATED',NULL,0),(22,1,1,1,'2015-12-31 08:33:25','2015-12-31 03:03:25.242','CREATED',NULL,0),(23,1,1,1,'2016-01-01 19:41:43','2016-01-01 14:11:42.922','CREATED',NULL,0),(24,1,1,1,'2016-01-01 19:51:26','2016-01-01 14:21:25.744','CREATED',NULL,0),(25,1,2,1,'2016-01-01 19:51:26','2016-01-01 14:21:25.748','CREATED',NULL,0),(26,1,1,1,'2016-01-10 09:27:27','2016-01-10 03:57:26.937','CREATED',NULL,0),(27,1,2,1,'2016-01-10 09:27:27','2016-01-10 03:57:26.952','CREATED',NULL,0),(28,1,1,1,'2016-01-10 21:11:09','2016-01-10 15:41:08.615','CREATED',NULL,0),(29,1,2,1,'2016-01-10 21:11:09','2016-01-10 15:41:08.626','CREATED',NULL,0),(30,1,1,1,'2016-01-10 21:13:13','2016-01-10 15:43:12.533','CREATED',NULL,0),(31,1,1,1,'2016-01-10 21:13:17','2016-01-10 15:43:16.918','CREATED',NULL,0),(32,1,2,1,'2016-01-10 21:13:17','2016-01-10 15:43:16.920','CREATED',NULL,0),(33,1,NULL,8,'2016-02-03 01:05:21','2016-02-02 19:35:21.195','CREATED',NULL,0),(34,1,NULL,9,'2016-02-03 01:05:21','2016-02-02 19:35:21.213','CREATED',NULL,0),(35,1,NULL,7,'2016-02-03 01:05:21','2016-02-02 19:35:21.214','CREATED',NULL,0),(36,1,NULL,8,'2016-02-03 08:53:10','2016-02-03 03:23:09.726','CREATED',NULL,0),(37,1,NULL,9,'2016-02-03 08:53:10','2016-02-03 03:23:09.728','CREATED',NULL,0),(38,1,NULL,7,'2016-02-03 08:53:10','2016-02-03 03:23:09.729','CREATED',NULL,0),(39,1,NULL,8,'2016-02-03 08:53:54','2016-02-03 03:23:54.074','CREATED',NULL,0),(40,1,NULL,9,'2016-02-03 08:53:54','2016-02-03 03:23:54.076','CREATED',NULL,0),(41,1,NULL,7,'2016-02-03 08:53:54','2016-02-03 03:23:54.077','CREATED',NULL,0),(42,1,NULL,8,'2016-02-03 08:53:55','2016-02-03 03:23:54.694','CREATED',NULL,0),(43,1,NULL,9,'2016-02-03 08:53:55','2016-02-03 03:23:54.696','CREATED',NULL,0),(44,1,NULL,7,'2016-02-03 08:53:55','2016-02-03 03:23:54.697','CREATED',NULL,0),(45,1,NULL,8,'2016-02-03 08:53:55','2016-02-03 03:23:55.351','CREATED',NULL,0),(46,1,NULL,9,'2016-02-03 08:53:55','2016-02-03 03:23:55.352','CREATED',NULL,0),(47,1,NULL,7,'2016-02-03 08:53:55','2016-02-03 03:23:55.353','CREATED',NULL,0),(48,1,NULL,8,'2016-02-03 08:53:56','2016-02-03 03:23:55.866','CREATED',NULL,0),(49,1,NULL,9,'2016-02-03 08:53:56','2016-02-03 03:23:55.868','CREATED',NULL,0),(50,1,NULL,7,'2016-02-03 08:53:56','2016-02-03 03:23:55.869','CREATED',NULL,0),(51,1,NULL,8,'2016-02-03 08:53:56','2016-02-03 03:23:56.300','CREATED',NULL,0),(52,1,NULL,9,'2016-02-03 08:53:56','2016-02-03 03:23:56.302','CREATED',NULL,0),(53,1,NULL,7,'2016-02-03 08:53:56','2016-02-03 03:23:56.302','CREATED',NULL,0),(54,1,NULL,8,'2016-02-03 08:53:56','2016-02-03 03:23:56.467','CREATED',NULL,0),(55,1,NULL,9,'2016-02-03 08:53:56','2016-02-03 03:23:56.468','CREATED',NULL,0),(56,1,NULL,7,'2016-02-03 08:53:56','2016-02-03 03:23:56.469','CREATED',NULL,0),(57,1,NULL,8,'2016-02-03 08:53:57','2016-02-03 03:23:56.654','CREATED',NULL,0),(58,1,NULL,9,'2016-02-03 08:53:57','2016-02-03 03:23:56.656','CREATED',NULL,0),(59,1,NULL,7,'2016-02-03 08:53:57','2016-02-03 03:23:56.658','CREATED',NULL,0),(60,1,NULL,1,'2016-02-03 08:55:13','2016-02-03 03:25:12.738','CREATED',NULL,0),(61,1,NULL,2,'2016-02-03 08:55:13','2016-02-03 03:25:12.739','CREATED',NULL,0),(62,1,NULL,1,'2016-02-03 08:55:13','2016-02-03 03:25:13.286','CREATED',NULL,0),(63,1,NULL,2,'2016-02-03 08:55:13','2016-02-03 03:25:13.287','CREATED',NULL,0),(64,1,NULL,1,'2016-02-03 08:55:13','2016-02-03 03:25:13.456','CREATED',NULL,0),(65,1,NULL,2,'2016-02-03 08:55:13','2016-02-03 03:25:13.457','CREATED',NULL,0),(66,1,NULL,1,'2016-02-03 08:55:14','2016-02-03 03:25:13.604','CREATED',NULL,0),(67,1,NULL,2,'2016-02-03 08:55:14','2016-02-03 03:25:13.605','CREATED',NULL,0),(68,1,NULL,1,'2016-02-03 08:55:14','2016-02-03 03:25:13.753','CREATED',NULL,0),(69,1,NULL,2,'2016-02-03 08:55:14','2016-02-03 03:25:13.754','CREATED',NULL,0),(70,1,NULL,1,'2016-02-03 08:57:47','2016-02-03 03:27:46.850','CREATED',NULL,0),(71,1,NULL,2,'2016-02-03 08:57:47','2016-02-03 03:27:46.851','CREATED',NULL,0),(72,1,1,1,'2016-02-03 09:10:03','2016-02-03 03:40:03.400','CREATED',NULL,0),(73,1,2,1,'2016-02-03 09:10:03','2016-02-03 03:40:03.413','CREATED',NULL,0),(74,1,1,8,'2016-02-03 09:26:00','2016-02-03 03:55:59.649','CREATED',NULL,0),(75,1,1,1,'2016-02-03 09:38:53','2016-02-03 04:08:53.252','CREATED',NULL,0),(76,1,2,2,'2016-02-03 09:38:53','2016-02-03 04:08:53.254','CREATED',NULL,0),(77,1,1,1,'2016-02-03 10:02:39','2016-02-03 04:32:38.642','CREATED',NULL,0),(78,1,1,1,'2016-02-03 10:03:55','2016-02-03 04:33:55.156','CREATED',NULL,0),(79,1,3,2,'2016-02-03 10:04:07','2016-02-03 04:34:06.808','CREATED',NULL,0),(80,1,1,1,'2016-02-03 11:27:14','2016-02-03 05:57:13.828','CREATED',NULL,0),(81,1,1,1,'2016-02-03 11:28:06','2016-02-03 05:58:05.645','CREATED',NULL,0),(82,1,1,1,'2016-02-03 16:01:01','2016-02-03 10:31:00.658','CREATED',NULL,0),(83,1,2,2,'2016-02-03 16:01:01','2016-02-03 10:31:00.669','CREATED',NULL,0),(84,10,1,10,'2016-02-03 16:04:03','2016-02-03 10:34:02.946','CREATED',NULL,0),(85,10,2,10,'2016-02-03 16:04:03','2016-02-03 10:34:02.947','CREATED',NULL,0),(86,10,3,10,'2016-02-03 16:04:03','2016-02-03 10:34:02.948','CREATED',NULL,0),(87,10,4,10,'2016-02-03 16:04:03','2016-02-03 10:34:02.949','CREATED',NULL,0),(88,2,1,10,'2016-02-03 16:04:22','2016-02-03 10:34:22.032','CREATED',NULL,0),(89,1,1,1,'2016-02-03 16:09:47','2016-02-03 10:39:47.158','CREATED',NULL,0),(90,1,1,1,'2016-02-03 16:12:32','2016-02-03 10:42:31.539','CREATED',NULL,0),(91,2,1,10,'2016-02-03 16:35:33','2016-02-03 11:05:32.677','CREATED',NULL,0),(92,1,1,1,'2016-02-03 16:45:18','2016-02-03 11:15:17.574','CREATED',NULL,0),(93,1,1,2,'2016-02-08 15:18:27','2016-02-08 09:48:26.833','RECEIVED',9,0),(94,1,1,2,'2016-02-08 17:34:33','2016-02-08 12:04:32.941','RECEIVED',10,0),(95,1,1,2,'2016-02-08 17:37:20','2016-02-08 12:07:19.969','RECEIVED',11,0),(96,1,1,2,'2016-02-08 17:43:34','2016-02-08 12:22:09.311','PROCURED',12,0),(97,1,1,2,'2016-02-08 20:09:52','2016-02-08 14:39:51.643','RECEIVED',13,0),(98,2,4,5,'2016-02-08 20:14:36','2016-02-08 14:44:35.694','RECEIVED',14,0),(99,2,2,10,'2016-02-08 20:17:05','2016-02-08 14:47:04.783','RECEIVED',15,0),(100,2,2,10,'2016-02-08 20:18:00','2016-02-08 14:47:59.759','RECEIVED',16,0),(101,2,1,1,'2016-02-08 20:18:57','2016-02-08 14:48:57.100','RECEIVED',17,0),(102,2,1,10,'2016-02-08 20:22:48','2016-02-08 14:52:48.014','RECEIVED',18,0),(103,2,3,20,'2016-02-08 20:24:04','2016-02-08 14:54:04.258','RECEIVED',19,0),(104,2,3,10,'2016-02-08 20:25:08','2016-02-08 14:55:08.245','RECEIVED',20,0),(105,1,1,10,'2016-02-08 20:26:32','2016-02-08 14:56:32.028','RECEIVED',21,0),(106,1,3,10,'2016-02-08 20:26:32','2016-02-08 14:56:32.029','RECEIVED',21,0),(107,2,1,10,'2016-02-09 13:41:35','2016-02-09 08:11:34.792','RECEIVED',22,0),(108,2,4,10,'2016-02-09 13:43:32','2016-02-09 08:13:31.849','RECEIVED',23,0),(109,2,2,10,'2016-02-09 13:45:06','2016-02-09 08:15:06.433','RECEIVED',24,0),(110,2,5,10,'2016-02-09 13:48:01','2016-02-09 08:18:01.280','RECEIVED',25,0),(111,2,2,20,'2016-02-09 13:51:51','2016-02-09 08:21:50.551','RECEIVED',26,0),(112,2,2,10,'2016-02-09 13:52:39','2016-02-09 08:22:39.465','RECEIVED',27,0),(113,2,3,10,'2016-02-09 13:54:14','2016-02-09 08:24:14.496','RECEIVED',28,0),(114,2,3,10,'2016-02-09 13:56:59','2016-02-09 08:26:58.598','RECEIVED',29,0),(115,2,3,10,'2016-02-09 14:03:57','2016-02-09 08:33:57.261','RECEIVED',30,0),(116,2,3,10,'2016-02-09 14:06:02','2016-02-09 08:36:02.428','RECEIVED',31,0),(117,2,3,10,'2016-02-09 14:07:14','2016-02-09 08:37:13.657','RECEIVED',32,0),(118,2,3,10,'2016-02-09 14:08:57','2016-02-09 08:38:57.424','RECEIVED',33,0),(119,2,3,10,'2016-02-09 14:10:04','2016-02-09 08:40:04.138','RECEIVED',34,0),(120,2,3,10,'2016-02-09 14:12:23','2016-02-09 08:42:23.089','RECEIVED',35,0),(121,2,2,10,'2016-02-09 14:22:27','2016-02-09 08:52:27.328','RECEIVED',36,0),(122,4,2,10,'2016-02-09 14:35:24','2016-02-09 09:05:24.147','RECEIVED',38,0),(123,1,2,25,'2016-02-09 14:42:01','2016-02-09 09:12:00.860','RECEIVED',39,0),(124,1,3,25,'2016-02-09 14:42:01','2016-02-09 09:12:00.860','RECEIVED',39,0),(125,1,3,10,'2016-02-09 15:01:38','2016-02-09 09:31:38.462','RECEIVED',40,0),(126,1,1,2,'2016-02-09 15:11:31','2016-02-09 09:41:31.030','RECEIVED',41,0),(127,3,3,10,'2016-02-09 19:21:23','2016-02-09 13:51:22.845','RECEIVED',42,0),(128,1,3,10,'2016-02-09 19:25:24','2016-02-09 13:55:24.053','RECEIVED',43,0),(129,10,3,10,'2016-02-09 19:26:56','2016-02-09 13:56:56.091','RECEIVED',44,0),(130,10,3,10,'2016-02-09 19:28:07','2016-02-09 13:58:06.732','RECEIVED',45,0),(131,10,4,10,'2016-02-09 19:31:22','2016-02-09 14:01:21.713','RECEIVED',46,0),(132,10,4,10,'2016-02-09 19:32:36','2016-02-09 14:02:35.798','RECEIVED',47,0),(133,10,4,10,'2016-02-09 19:44:11','2016-02-09 14:14:10.557','RECEIVED',48,0),(134,1,4,10,'2016-02-09 19:46:59','2016-02-09 14:16:59.252','RECEIVED',49,0),(136,1,4,10,'2016-02-09 19:49:57','2016-02-09 14:19:57.410','RECEIVED',52,0),(137,10,5,10,'2016-02-09 19:51:19','2016-02-09 14:21:18.944','RECEIVED',53,0),(138,10,4,19,'2016-02-09 19:52:36','2016-02-09 14:22:35.720','RECEIVED',54,0),(139,10,3,10,'2016-02-09 19:55:10','2016-02-09 14:25:10.134','RECEIVED',55,0),(140,10,4,10,'2016-02-09 19:57:09','2016-02-09 14:27:08.631','RECEIVED',56,0),(141,10,4,1,'2016-02-09 19:58:36','2016-02-09 14:28:36.285','RECEIVED',57,0),(142,10,4,10,'2016-02-09 20:00:22','2016-02-09 14:30:22.167','RECEIVED',58,0),(143,10,4,8,'2016-02-09 20:02:33','2016-02-09 14:32:32.794','RECEIVED',59,0),(144,10,3,10,'2016-02-09 20:03:44','2016-02-09 14:33:43.989','RECEIVED',60,0),(145,1,2,10,'2016-02-09 20:05:58','2016-02-09 14:35:58.105','RECEIVED',61,0),(146,1,4,10,'2016-02-09 20:07:42','2016-02-09 14:37:41.813','RECEIVED',62,0),(147,1,2,20,'2016-02-09 20:09:53','2016-02-09 14:39:52.617','RECEIVED',63,0),(148,1,4,8,'2016-02-09 20:11:02','2016-02-09 14:41:02.227','RECEIVED',64,0),(149,1,2,10,'2016-02-09 20:14:36','2016-02-09 14:44:35.962','RECEIVED',65,0),(150,10,2,10,'2016-02-09 20:16:08','2016-02-09 14:46:07.823','RECEIVED',66,0),(151,1,3,10,'2016-02-09 20:32:40','2016-02-09 15:02:39.826','RECEIVED',67,0),(152,10,4,19,'2016-02-09 20:34:55','2016-02-09 15:04:55.043','RECEIVED',68,0),(153,1,3,10,'2016-02-09 21:47:13','2016-02-09 16:17:13.009','RECEIVED',69,0),(154,1,3,100,'2016-02-09 21:49:18','2016-02-09 16:19:17.735','RECEIVED',70,0),(155,10,4,10,'2016-02-09 21:50:45','2016-02-09 16:20:45.310','RECEIVED',71,0),(156,1,3,10,'2016-02-10 11:07:38','2016-02-10 05:37:37.746','RECEIVED',72,0),(157,10,4,10,'2016-02-10 17:22:10','2016-02-10 11:52:10.080','RECEIVED',73,0),(158,10,4,10,'2016-02-10 21:04:11','2016-02-10 15:34:10.776','RECEIVED',75,0),(159,1,3,10,'2016-02-10 21:06:47','2016-02-10 15:36:47.207','RECEIVED',76,0),(160,10,3,10,'2016-02-11 03:52:09','2016-02-10 22:22:09.129','RECEIVED',77,0),(161,1,1,10,'2016-02-17 21:15:28','2016-02-17 15:45:27.737','RECEIVED',78,0),(162,10,2,10,'2016-02-17 21:17:26','2016-02-17 15:47:26.306','RECEIVED',79,0),(163,2,1,10,'2016-02-18 21:15:05','2016-02-18 15:45:04.994','RECEIVED',82,0),(164,2,3,12,'2016-02-18 21:15:05','2016-02-18 15:45:04.994','RECEIVED',82,0),(165,1,1,4,'2016-02-26 15:45:28','2016-02-26 10:15:28.026','RECEIVED',83,0),(166,1,1,5,'2016-02-26 15:47:36','2016-02-26 10:17:39.702','RECEIVED',84,0),(167,1,1,5,'2016-02-26 15:54:26','2016-02-26 10:24:29.249','RECEIVED',85,0),(168,1,1,5,'2016-02-26 16:02:29','2016-02-26 10:32:29.432','RECEIVED',86,0),(169,1,1,5,'2016-02-26 16:09:03','2016-02-26 10:39:03.791','RECEIVED',87,0),(170,1,1,5,'2016-02-26 16:12:02','2016-02-26 10:42:02.556','RECEIVED',88,0),(171,1,1,4,'2016-02-26 16:17:06','2016-02-26 10:47:07.056','RECEIVED',89,0),(172,1,1,5,'2016-02-26 16:26:53','2016-02-26 10:56:54.421','RECEIVED',90,0),(173,1,1,5,'2016-02-26 16:28:01','2016-02-26 10:58:01.842','RECEIVED',91,0),(174,1,2,5,'2016-02-26 16:28:21','2016-02-26 10:58:22.009','RECEIVED',92,0),(175,1,1,5,'2016-02-26 16:40:08','2016-02-26 11:10:08.852','RECEIVED',93,0),(176,1,1,5,'2016-02-26 16:45:10','2016-02-26 11:15:11.501','RECEIVED',94,0),(177,1,1,5,'2016-02-26 16:45:38','2016-02-26 11:15:38.830','RECEIVED',95,0),(178,1,1,5,'2016-02-26 16:46:53','2016-02-26 11:16:54.775','RECEIVED',96,0),(179,1,1,5,'2016-02-26 16:48:12','2016-02-26 11:18:13.304','RECEIVED',97,0),(180,1,1,5,'2016-02-26 16:49:02','2016-02-26 11:19:03.674','RECEIVED',98,0),(181,1,1,5,'2016-02-26 16:51:23','2016-02-26 11:21:24.262','RECEIVED',99,0),(182,1,1,5,'2016-02-26 16:52:46','2016-02-26 11:22:47.188','RECEIVED',100,0),(183,1,1,5,'2016-02-26 16:55:25','2016-02-26 11:25:26.635','RECEIVED',101,0),(184,10,1,5,'2016-03-02 23:24:16','2016-03-02 17:54:16.401','RECEIVED',102,0),(185,1,1,5,'2016-03-02 23:25:00','2016-03-02 17:55:00.824','RECEIVED',103,0),(186,1,1,5,'2016-03-02 23:27:52','2016-03-02 17:57:53.354','RECEIVED',104,0),(187,1,1,5,'2016-03-02 23:36:49','2016-03-02 18:06:49.789','RECEIVED',105,0),(188,1,1,5,'2016-03-02 23:43:58','2016-03-02 18:13:59.392','RECEIVED',106,0),(189,1,1,5,'2016-03-02 23:44:30','2016-03-02 18:14:30.747','RECEIVED',107,0),(190,1,1,5,'2016-03-02 23:44:54','2016-03-02 18:14:55.265','RECEIVED',108,0),(191,1,1,5,'2016-03-02 23:45:23','2016-03-02 18:15:24.256','RECEIVED',109,0),(192,1,1,4,'2016-03-02 23:48:37','2016-03-02 18:18:38.340','RECEIVED',110,0),(193,1,1,5,'2016-03-02 23:50:36','2016-03-02 18:20:36.873','RECEIVED',111,0),(194,1,1,14,'2016-03-02 23:51:04','2016-03-02 18:21:04.962','RECEIVED',112,0),(195,1,1,5,'2016-03-07 00:41:33','2016-03-06 19:11:39.368','RECEIVED',113,0),(196,1,2,5,'2016-03-07 00:41:33','2016-03-06 19:11:39.369','RECEIVED',113,0),(197,1,3,5,'2016-03-07 00:41:33','2016-03-06 19:11:39.370','RECEIVED',113,0),(198,2,1,5,'2016-03-07 00:42:29','2016-03-06 19:12:35.034','RECEIVED',114,0),(199,4,6,5,'2016-03-07 00:51:36','2016-03-06 19:21:43.083','RECEIVED',115,0),(200,7,6,5,'2016-03-07 00:57:24','2016-03-06 19:27:29.571','RECEIVED',116,0),(201,1,56,5,'2016-04-06 21:05:10','2016-04-06 15:35:16.041','RECEIVED',117,0),(202,1,42,5,'2016-04-06 21:05:10','2016-04-06 15:35:16.050','RECEIVED',117,0),(203,3,56,5,'2016-04-06 21:09:07','2016-04-06 15:39:14.520','RECEIVED',118,0),(204,3,42,6,'2016-04-06 21:09:07','2016-04-06 15:39:14.522','RECEIVED',118,0),(205,3,31,8,'2016-04-06 21:09:07','2016-04-06 15:39:14.523','RECEIVED',118,0),(206,3,62,5,'2016-04-06 21:09:07','2016-04-06 15:39:14.524','RECEIVED',118,0),(207,3,63,9,'2016-04-06 21:09:07','2016-04-06 15:39:14.525','RECEIVED',118,0),(208,3,53,8,'2016-04-06 21:09:07','2016-04-06 15:39:14.527','RECEIVED',118,0),(209,3,52,10,'2016-04-06 21:09:07','2016-04-06 15:39:14.528','RECEIVED',118,0),(210,1,56,5,'2016-04-07 20:50:13','2016-04-07 15:20:17.868','RECEIVED',119,0),(211,1,56,5,'2016-04-07 21:07:59','2016-04-07 15:37:59.777','RECEIVED',120,0);
/*!40000 ALTER TABLE `order_items` ENABLE KEYS */;
UNLOCK TABLES;

--
-- Table structure for table `order_payments`
--

DROP TABLE IF EXISTS `order_payments`;
/*!40101 SET @saved_cs_client     = @@character_set_client */;
/*!40101 SET character_set_client = utf8 */;
CREATE TABLE `order_payments` (
  `id` int(11) unsigned NOT NULL AUTO_INCREMENT,
  `order_id` bigint(20) NOT NULL,
  `amount_collected` double NOT NULL,
  `payment_mode` varchar(20) NOT NULL DEFAULT 'COD',
  `notes` text,
  `status` varchar(20) NOT NULL DEFAULT 'CREATED',
  PRIMARY KEY (`id`)
) ENGINE=InnoDB DEFAULT CHARSET=utf8mb4;
/*!40101 SET character_set_client = @saved_cs_client */;

--
-- Dumping data for table `order_payments`
--

LOCK TABLES `order_payments` WRITE;
/*!40000 ALTER TABLE `order_payments` DISABLE KEYS */;
/*!40000 ALTER TABLE `order_payments` ENABLE KEYS */;
UNLOCK TABLES;

--
-- Table structure for table `orders`
--

DROP TABLE IF EXISTS `orders`;
/*!40101 SET @saved_cs_client     = @@character_set_client */;
/*!40101 SET character_set_client = utf8 */;
CREATE TABLE `orders` (
  `id` bigint(20) unsigned NOT NULL AUTO_INCREMENT,
  `user_id` bigint(20) NOT NULL,
  `created_at` datetime DEFAULT NULL,
  `updated_at` timestamp(3) NOT NULL DEFAULT CURRENT_TIMESTAMP(3) ON UPDATE CURRENT_TIMESTAMP(3),
  `status` varchar(20) NOT NULL DEFAULT 'CREATED',
  `fulfillment_status` varchar(20) DEFAULT NULL,
  `return_status` varchar(20) DEFAULT NULL,
  `order_date` datetime DEFAULT CURRENT_TIMESTAMP,
  `channel` varchar(20) NOT NULL DEFAULT 'SALES',
  `store_id` bigint(20) DEFAULT NULL,
  `order_amount` double DEFAULT NULL,
  `order_discount` double DEFAULT NULL,
  PRIMARY KEY (`id`),
  KEY `index_on_user_id` (`user_id`),
  KEY `index_on_status` (`status`),
  KEY `index_on_order_date` (`order_date`)
) ENGINE=InnoDB AUTO_INCREMENT=121 DEFAULT CHARSET=utf8mb4;
/*!40101 SET character_set_client = @saved_cs_client */;

--
-- Dumping data for table `orders`
--

LOCK TABLES `orders` WRITE;
/*!40000 ALTER TABLE `orders` DISABLE KEYS */;
INSERT INTO `orders` VALUES (2,1,'2016-02-08 15:02:34','2016-04-06 15:02:14.921','RECEIVED',NULL,NULL,'2016-02-08 15:02:34','SALES',NULL,NULL,NULL),(9,1,'2016-02-08 15:18:27','2016-04-06 15:02:14.921','RECEIVED',NULL,NULL,'2016-02-08 15:18:27','SALES',NULL,NULL,NULL),(10,1,'2016-02-08 17:34:33','2016-04-06 15:02:14.921','RECEIVED',NULL,NULL,'2016-02-08 17:34:33','SALES',1,NULL,NULL),(11,1,'2016-02-08 17:37:20','2016-04-06 15:02:14.921','RECEIVED',NULL,NULL,'2016-02-08 17:37:20','SALES',1,NULL,NULL),(12,1,'2016-02-08 17:43:34','2016-04-06 15:02:14.921','DELIVERED',NULL,NULL,'2016-02-08 17:43:34','SALES',1,NULL,NULL),(13,1,'2016-02-08 20:09:52','2016-04-06 15:02:14.921','RECEIVED',NULL,NULL,'2016-02-08 20:09:52','SALES',1,NULL,NULL),(14,1,'2016-02-08 20:14:36','2016-04-06 15:02:14.921','RECEIVED',NULL,NULL,'2016-02-08 20:14:36','SALES',2,NULL,NULL),(15,1,'2016-02-08 20:17:05','2016-04-06 15:02:14.921','RECEIVED',NULL,NULL,'2016-02-08 20:17:05','SALES',2,NULL,NULL),(16,1,'2016-02-08 20:18:00','2016-04-06 15:02:14.921','RECEIVED',NULL,NULL,'2016-02-08 20:18:00','SALES',2,NULL,NULL),(17,1,'2016-02-08 20:18:57','2016-04-06 15:02:14.921','RECEIVED',NULL,NULL,'2016-02-08 20:18:57','SALES',2,NULL,NULL),(18,1,'2016-02-08 20:22:48','2016-04-06 15:02:14.921','RECEIVED',NULL,NULL,'2016-02-08 20:22:48','SALES',2,NULL,NULL),(19,1,'2016-02-08 20:24:04','2016-04-06 15:02:14.921','RECEIVED',NULL,NULL,'2016-02-08 20:24:04','SALES',2,NULL,NULL),(20,1,'2016-02-08 20:25:08','2016-04-06 15:02:14.921','RECEIVED',NULL,NULL,'2016-02-08 20:25:08','SALES',2,NULL,NULL),(21,1,'2016-02-08 20:26:32','2016-04-06 15:02:14.921','RECEIVED',NULL,NULL,'2016-02-08 20:26:32','SALES',1,NULL,NULL),(22,1,'2016-02-09 13:41:35','2016-04-06 15:02:14.921','RECEIVED',NULL,NULL,'2016-02-09 13:41:35','SALES',2,NULL,NULL),(23,1,'2016-02-09 13:43:32','2016-04-06 15:02:14.921','RECEIVED',NULL,NULL,'2016-02-09 13:43:32','SALES',2,NULL,NULL),(24,1,'2016-02-09 13:45:06','2016-04-06 15:02:14.921','RECEIVED',NULL,NULL,'2016-02-09 13:45:06','SALES',2,NULL,NULL),(25,1,'2016-02-09 13:48:01','2016-04-06 15:02:14.921','RECEIVED',NULL,NULL,'2016-02-09 13:48:01','SALES',2,NULL,NULL),(26,1,'2016-02-09 13:51:51','2016-04-06 15:02:14.921','RECEIVED',NULL,NULL,'2016-02-09 13:51:51','SALES',2,NULL,NULL),(27,1,'2016-02-09 13:52:39','2016-04-06 15:02:14.921','RECEIVED',NULL,NULL,'2016-02-09 13:52:39','SALES',2,NULL,NULL),(28,1,'2016-02-09 13:54:14','2016-04-06 15:02:14.921','RECEIVED',NULL,NULL,'2016-02-09 13:54:14','SALES',2,NULL,NULL),(29,1,'2016-02-09 13:56:59','2016-04-06 15:02:14.921','RECEIVED',NULL,NULL,'2016-02-09 13:56:59','SALES',2,NULL,NULL),(30,1,'2016-02-09 14:03:57','2016-04-06 15:02:14.921','RECEIVED',NULL,NULL,'2016-02-09 14:03:57','SALES',2,NULL,NULL),(31,1,'2016-02-09 14:06:02','2016-04-06 15:02:14.921','RECEIVED',NULL,NULL,'2016-02-09 14:06:02','SALES',2,NULL,NULL),(32,1,'2016-02-09 14:07:14','2016-04-06 15:02:14.921','RECEIVED',NULL,NULL,'2016-02-09 14:07:14','SALES',2,NULL,NULL),(33,1,'2016-02-09 14:08:57','2016-04-06 15:02:14.921','RECEIVED',NULL,NULL,'2016-02-09 14:08:57','SALES',2,NULL,NULL),(34,1,'2016-02-09 14:10:04','2016-04-06 15:02:14.921','RECEIVED',NULL,NULL,'2016-02-09 14:10:04','SALES',2,NULL,NULL),(35,1,'2016-02-09 14:12:23','2016-04-06 15:02:14.921','RECEIVED',NULL,NULL,'2016-02-09 14:12:23','SALES',2,NULL,NULL),(36,1,'2016-02-09 14:22:27','2016-04-06 15:02:14.921','RECEIVED',NULL,NULL,'2016-02-09 14:22:27','SALES',2,NULL,NULL),(37,1,'2016-02-09 14:23:03','2016-04-06 15:02:14.921','RECEIVED',NULL,NULL,'2016-02-09 14:23:03','SALES',NULL,NULL,NULL),(38,1,'2016-02-09 14:35:24','2016-04-06 15:02:14.921','RECEIVED',NULL,NULL,'2016-02-09 14:35:24','SALES',4,NULL,NULL),(39,1,'2016-02-09 14:42:01','2016-04-06 15:02:14.921','RECEIVED',NULL,NULL,'2016-02-09 14:42:01','SALES',1,NULL,NULL),(40,1,'2016-02-09 15:01:38','2016-04-06 15:02:14.921','RECEIVED',NULL,NULL,'2016-02-09 15:01:38','SALES',1,NULL,NULL),(41,1,'2016-02-09 15:11:31','2016-04-06 15:02:14.921','RECEIVED',NULL,NULL,'2016-02-09 15:11:31','SALES',1,NULL,NULL),(42,1,'2016-02-09 19:21:23','2016-04-06 15:02:14.921','RECEIVED',NULL,NULL,'2016-02-09 19:21:23','SALES',3,NULL,NULL),(43,1,'2016-02-09 19:25:24','2016-04-06 15:02:14.921','RECEIVED',NULL,NULL,'2016-02-09 19:25:24','SALES',1,NULL,NULL),(44,1,'2016-02-09 19:26:56','2016-04-06 15:02:14.921','RECEIVED',NULL,NULL,'2016-02-09 19:26:56','SALES',10,NULL,NULL),(45,1,'2016-02-09 19:28:07','2016-04-06 15:02:14.921','RECEIVED',NULL,NULL,'2016-02-09 19:28:07','SALES',10,NULL,NULL),(46,1,'2016-02-09 19:31:22','2016-04-06 15:02:14.921','RECEIVED',NULL,NULL,'2016-02-09 19:31:22','SALES',10,NULL,NULL),(47,1,'2016-02-09 19:32:36','2016-04-06 15:02:14.921','RECEIVED',NULL,NULL,'2016-02-09 19:32:36','SALES',10,NULL,NULL),(48,1,'2016-02-09 19:44:11','2016-04-06 15:02:14.921','RECEIVED',NULL,NULL,'2016-02-09 19:44:11','SALES',10,NULL,NULL),(49,1,'2016-02-09 19:46:59','2016-04-06 15:02:14.921','RECEIVED',NULL,NULL,'2016-02-09 19:46:59','SALES',1,NULL,NULL),(52,1,'2016-02-09 19:49:57','2016-04-06 15:02:14.921','RECEIVED',NULL,NULL,'2016-02-09 19:49:57','SALES',1,NULL,NULL),(53,1,'2016-02-09 19:51:19','2016-04-06 15:02:14.921','RECEIVED',NULL,NULL,'2016-02-09 19:51:19','SALES',10,NULL,NULL),(54,1,'2016-02-09 19:52:36','2016-04-06 15:02:14.921','RECEIVED',NULL,NULL,'2016-02-09 19:52:36','SALES',10,NULL,NULL),(55,1,'2016-02-09 19:55:10','2016-04-06 15:02:14.921','RECEIVED',NULL,NULL,'2016-02-09 19:55:10','SALES',10,NULL,NULL),(56,1,'2016-02-09 19:57:09','2016-04-06 15:02:14.921','RECEIVED',NULL,NULL,'2016-02-09 19:57:09','SALES',10,NULL,NULL),(57,1,'2016-02-09 19:58:36','2016-04-06 15:02:14.921','RECEIVED',NULL,NULL,'2016-02-09 19:58:36','SALES',10,NULL,NULL),(58,1,'2016-02-09 20:00:22','2016-04-06 15:02:14.921','RECEIVED',NULL,NULL,'2016-02-09 20:00:22','SALES',10,NULL,NULL),(59,1,'2016-02-09 20:02:33','2016-04-06 15:02:14.921','RECEIVED',NULL,NULL,'2016-02-09 20:02:33','SALES',10,NULL,NULL),(60,1,'2016-02-09 20:03:44','2016-04-06 15:02:14.921','RECEIVED',NULL,NULL,'2016-02-09 20:03:44','SALES',10,NULL,NULL),(61,1,'2016-02-09 20:05:58','2016-04-06 15:02:14.921','RECEIVED',NULL,NULL,'2016-02-09 20:05:58','SALES',1,NULL,NULL),(62,1,'2016-02-09 20:07:42','2016-04-06 15:02:14.921','RECEIVED',NULL,NULL,'2016-02-09 20:07:42','SALES',1,NULL,NULL),(63,1,'2016-02-09 20:09:53','2016-04-06 15:02:14.921','RECEIVED',NULL,NULL,'2016-02-09 20:09:53','SALES',1,NULL,NULL),(64,1,'2016-02-09 20:11:02','2016-04-06 15:02:14.921','RECEIVED',NULL,NULL,'2016-02-09 20:11:02','SALES',1,NULL,NULL),(65,1,'2016-02-09 20:14:36','2016-04-06 15:02:14.921','RECEIVED',NULL,NULL,'2016-02-09 20:14:36','SALES',1,NULL,NULL),(66,1,'2016-02-09 20:16:08','2016-04-06 15:02:14.921','RECEIVED',NULL,NULL,'2016-02-09 20:16:08','SALES',10,NULL,NULL),(67,1,'2016-02-09 20:32:40','2016-04-06 15:02:14.921','RECEIVED',NULL,NULL,'2016-02-09 20:32:40','SALES',1,NULL,NULL),(68,1,'2016-02-09 20:34:55','2016-04-06 15:02:14.921','RECEIVED',NULL,NULL,'2016-02-09 20:34:55','SALES',10,NULL,NULL),(69,1,'2016-02-09 21:47:13','2016-04-06 15:02:14.921','RECEIVED',NULL,NULL,'2016-02-09 21:47:13','SALES',1,NULL,NULL),(70,1,'2016-02-09 21:49:18','2016-04-06 15:02:14.921','RECEIVED',NULL,NULL,'2016-02-09 21:49:18','SALES',1,NULL,NULL),(71,1,'2016-02-09 21:50:45','2016-04-06 15:02:14.921','RECEIVED',NULL,NULL,'2016-02-09 21:50:45','SALES',10,NULL,NULL),(72,1,'2016-02-10 11:07:38','2016-04-06 15:02:14.921','RECEIVED',NULL,NULL,'2016-02-10 11:07:38','SALES',1,NULL,NULL),(73,1,'2016-02-10 17:22:10','2016-04-06 15:02:14.921','RECEIVED',NULL,NULL,'2016-02-10 17:22:10','SALES',10,NULL,NULL),(74,1,'2016-02-10 18:22:33','2016-04-06 15:02:14.921','RECEIVED',NULL,NULL,'2016-02-10 18:22:33','SALES',NULL,NULL,NULL),(75,1,'2016-02-10 21:04:11','2016-04-06 15:02:14.921','RECEIVED',NULL,NULL,'2016-02-10 21:04:11','SALES',10,NULL,NULL),(76,1,'2016-02-10 21:06:47','2016-04-06 15:02:14.921','RECEIVED',NULL,NULL,'2016-02-10 21:06:47','SALES',1,NULL,NULL),(77,1,'2016-02-11 03:52:09','2016-04-06 15:02:14.921','RECEIVED',NULL,NULL,'2016-02-11 03:52:09','SALES',10,NULL,NULL),(78,1,'2016-02-17 21:15:28','2016-04-06 15:02:14.921','RECEIVED',NULL,NULL,'2016-02-17 21:15:28','SALES',1,NULL,NULL),(79,1,'2016-02-17 21:17:26','2016-04-06 15:02:14.921','RECEIVED',NULL,NULL,'2016-02-17 21:17:26','SALES',10,NULL,NULL),(80,1,'2016-02-17 21:22:00','2016-04-06 15:02:14.921','RECEIVED',NULL,NULL,'2016-02-17 21:22:00','SALES',NULL,NULL,NULL),(81,1,'2016-02-17 21:26:19','2016-04-06 15:02:14.921','RECEIVED',NULL,NULL,'2016-02-17 21:26:19','SALES',NULL,NULL,NULL),(82,1,'2016-02-18 21:15:05','2016-04-06 15:02:14.921','RECEIVED',NULL,NULL,'2016-02-18 21:15:05','SALES',2,NULL,NULL),(83,1,'2016-02-26 15:45:28','2016-04-06 15:02:14.921','RECEIVED',NULL,NULL,'2016-02-26 15:45:28','SALES',1,NULL,NULL),(84,1,'2016-02-26 15:47:35','2016-04-06 15:02:14.921','RECEIVED',NULL,NULL,'2016-02-26 15:47:35','SALES',1,NULL,NULL),(85,1,'2016-02-26 15:54:25','2016-04-06 15:02:14.921','RECEIVED',NULL,NULL,'2016-02-26 15:54:25','SALES',1,NULL,NULL),(86,1,'2016-02-26 16:02:29','2016-04-06 15:02:14.921','RECEIVED',NULL,NULL,'2016-02-26 16:02:29','SALES',1,NULL,NULL),(87,1,'2016-02-26 16:09:03','2016-04-06 15:02:14.921','RECEIVED',NULL,NULL,'2016-02-26 16:09:03','SALES',1,NULL,NULL),(88,1,'2016-02-26 16:12:02','2016-04-06 15:02:14.921','RECEIVED',NULL,NULL,'2016-02-26 16:12:02','SALES',1,NULL,NULL),(89,1,'2016-02-26 16:17:06','2016-04-06 15:02:14.921','RECEIVED',NULL,NULL,'2016-02-26 16:17:06','SALES',1,NULL,NULL),(90,1,'2016-02-26 16:26:53','2016-04-06 15:02:14.921','RECEIVED',NULL,NULL,'2016-02-26 16:26:53','SALES',1,NULL,NULL),(91,1,'2016-02-26 16:28:01','2016-04-06 15:02:14.921','RECEIVED',NULL,NULL,'2016-02-26 16:28:01','SALES',1,NULL,NULL),(92,1,'2016-02-26 16:28:21','2016-04-06 15:02:14.921','RECEIVED',NULL,NULL,'2016-02-26 16:28:21','SALES',1,NULL,NULL),(93,1,'2016-02-26 16:40:08','2016-04-06 15:02:14.921','RECEIVED',NULL,NULL,'2016-02-26 16:40:08','SALES',1,NULL,NULL),(94,1,'2016-02-26 16:45:10','2016-04-06 15:02:14.921','RECEIVED',NULL,NULL,'2016-02-26 16:45:10','SALES',1,NULL,NULL),(95,1,'2016-02-26 16:45:38','2016-04-06 15:02:14.921','RECEIVED',NULL,NULL,'2016-02-26 16:45:38','SALES',1,NULL,NULL),(96,1,'2016-02-26 16:46:53','2016-04-06 15:02:14.921','RECEIVED',NULL,NULL,'2016-02-26 16:46:53','SALES',1,NULL,NULL),(97,1,'2016-02-26 16:48:12','2016-04-06 15:02:14.921','RECEIVED',NULL,NULL,'2016-02-26 16:48:12','SALES',1,NULL,NULL),(98,1,'2016-02-26 16:49:02','2016-04-06 15:02:14.921','RECEIVED',NULL,NULL,'2016-02-26 16:49:02','SALES',1,NULL,NULL),(99,1,'2016-02-26 16:51:23','2016-04-06 15:02:14.921','RECEIVED',NULL,NULL,'2016-02-26 16:51:23','SALES',1,NULL,NULL),(100,1,'2016-02-26 16:52:46','2016-04-06 15:02:14.921','RECEIVED',NULL,NULL,'2016-02-26 16:52:46','SALES',1,NULL,NULL),(101,1,'2016-02-26 16:55:25','2016-04-06 15:02:14.921','RECEIVED',NULL,NULL,'2016-02-26 16:55:25','SALES',1,NULL,NULL),(102,1,'2016-03-02 23:24:16','2016-04-06 15:02:14.921','RECEIVED',NULL,NULL,'2016-03-02 23:24:16','SALES',10,NULL,NULL),(103,1,'2016-03-02 23:25:00','2016-04-06 15:02:14.921','RECEIVED',NULL,NULL,'2016-03-02 23:25:00','SALES',1,NULL,NULL),(104,1,'2016-03-02 23:27:52','2016-04-06 15:02:14.921','RECEIVED',NULL,NULL,'2016-03-02 23:27:52','SALES',1,NULL,NULL),(105,1,'2016-03-02 23:36:49','2016-04-06 15:02:14.921','RECEIVED',NULL,NULL,'2016-03-02 23:36:49','SALES',1,NULL,NULL),(106,1,'2016-03-02 23:43:58','2016-04-06 15:02:14.921','RECEIVED',NULL,NULL,'2016-03-02 23:43:58','SALES',1,NULL,NULL),(107,1,'2016-03-02 23:44:30','2016-04-06 15:02:14.921','RECEIVED',NULL,NULL,'2016-03-02 23:44:30','SALES',1,NULL,NULL),(108,1,'2016-03-02 23:44:54','2016-04-06 15:02:14.921','RECEIVED',NULL,NULL,'2016-03-02 23:44:54','SALES',1,NULL,NULL),(109,1,'2016-03-02 23:45:23','2016-04-06 15:02:14.921','RECEIVED',NULL,NULL,'2016-03-02 23:45:23','SALES',1,NULL,NULL),(110,1,'2016-03-02 23:48:37','2016-04-06 15:02:14.921','RECEIVED',NULL,NULL,'2016-03-02 23:48:37','SALES',1,NULL,NULL),(111,1,'2016-03-02 23:50:36','2016-04-06 15:02:14.921','RECEIVED',NULL,NULL,'2016-03-02 23:50:36','SALES',1,NULL,NULL),(112,1,'2016-03-02 23:51:04','2016-04-06 15:02:14.921','RECEIVED',NULL,NULL,'2016-03-02 23:51:04','SALES',1,NULL,NULL),(113,1,'2016-03-07 00:41:33','2016-04-06 15:02:14.921','RECEIVED',NULL,NULL,'2016-03-07 00:41:33','SALES',1,NULL,NULL),(114,1,'2016-03-07 00:42:29','2016-04-06 15:02:14.921','RECEIVED',NULL,NULL,'2016-03-07 00:42:29','SALES',2,NULL,NULL),(115,1,'2016-03-07 00:51:36','2016-04-06 15:02:14.921','RECEIVED',NULL,NULL,'2016-03-07 00:51:36','SALES',4,NULL,NULL),(116,1,'2016-03-07 00:57:24','2016-04-06 15:02:14.921','RECEIVED',NULL,NULL,'2016-03-07 00:57:24','SALES',7,NULL,NULL),(117,6,'2016-04-06 21:05:10','2016-04-06 15:37:38.133','RECEIVED',NULL,NULL,'2016-04-06 21:05:10','STORE',1,NULL,NULL),(118,6,'2016-04-06 21:09:07','2016-04-06 15:39:14.480','RECEIVED',NULL,NULL,'2016-04-06 21:09:07','STORE',3,NULL,NULL),(119,1,'2016-04-07 20:50:13','2016-04-07 15:20:17.606','RECEIVED',NULL,NULL,'2016-04-07 20:50:13','ADMIN',1,NULL,NULL),(120,6,'2016-04-07 21:07:59','2016-04-07 15:37:59.689','RECEIVED',NULL,NULL,'2016-04-07 21:07:59','STORE',1,NULL,NULL);
/*!40000 ALTER TABLE `orders` ENABLE KEYS */;
UNLOCK TABLES;

--
-- Table structure for table `product_pricing`
--

DROP TABLE IF EXISTS `product_pricing`;
/*!40101 SET @saved_cs_client     = @@character_set_client */;
/*!40101 SET character_set_client = utf8 */;
CREATE TABLE `product_pricing` (
  `id` int(11) unsigned NOT NULL AUTO_INCREMENT,
  `product_id` bigint(11) NOT NULL,
  `locality_id` bigint(11) DEFAULT NULL,
  `city_id` bigint(20) NOT NULL,
  `price` double NOT NULL,
  `quantity` varchar(20) NOT NULL DEFAULT '',
  `quantity_description` text,
  `status` varchar(20) NOT NULL DEFAULT 'DISABLED',
  PRIMARY KEY (`id`)
) ENGINE=InnoDB DEFAULT CHARSET=utf8mb4;
/*!40101 SET character_set_client = @saved_cs_client */;

--
-- Dumping data for table `product_pricing`
--

LOCK TABLES `product_pricing` WRITE;
/*!40000 ALTER TABLE `product_pricing` DISABLE KEYS */;
/*!40000 ALTER TABLE `product_pricing` ENABLE KEYS */;
UNLOCK TABLES;

--
-- Table structure for table `products`
--

DROP TABLE IF EXISTS `products`;
/*!40101 SET @saved_cs_client     = @@character_set_client */;
/*!40101 SET character_set_client = utf8 */;
CREATE TABLE `products` (
  `id` bigint(20) unsigned NOT NULL AUTO_INCREMENT,
  `name` varchar(100) DEFAULT NULL,
  `category` varchar(25) DEFAULT NULL,
  `sub_category` varchar(25) NOT NULL,
  `description` text,
  `image_url` text,
  `created_at` datetime DEFAULT NULL,
  `updated_at` timestamp(3) NOT NULL DEFAULT CURRENT_TIMESTAMP(3) ON UPDATE CURRENT_TIMESTAMP(3),
  `local_names` text,
  PRIMARY KEY (`id`),
  KEY `index_on_category` (`category`),
  KEY `index_on_subcategory` (`sub_category`)
) ENGINE=InnoDB AUTO_INCREMENT=64 DEFAULT CHARSET=utf8mb4;
/*!40101 SET character_set_client = @saved_cs_client */;

--
-- Dumping data for table `products`
--

LOCK TABLES `products` WRITE;
/*!40000 ALTER TABLE `products` DISABLE KEYS */;
INSERT INTO `products` VALUES (1,'Brinjal','VEGETABLE','','Brinjal',NULL,'2016-02-08 14:59:59','2016-04-02 10:55:16.632','{\"tamil\":\"கத்தரிக்காய்\"}'),(2,'Tomato - Country','VEGETABLE','','Country Tomato',NULL,'2016-02-08 15:00:31','2016-04-02 10:55:17.967','{\"tamil\":\"நாட்டு தக்காளி\"}'),(3,'Potato','VEGETABLE','','Potato',NULL,'2016-02-10 01:47:07','2016-04-02 10:55:17.666','{\"tamil\":\"உருளைக்கிழங்கு\"}'),(4,'Carrot','VEGETABLE','','Carrot',NULL,'2016-02-22 22:18:39','2016-04-02 10:55:16.833','{\"tamil\":\"கேரட்\"}'),(5,'Beet Root','VEGETABLE','','Beet Root',NULL,'2016-02-27 00:00:00','2016-04-02 10:55:16.532','{\"tamil\":\"பீட்ரூட்\"}'),(6,'Radish - Red','VEGETABLE','','Radish',NULL,'2016-02-27 00:00:00','2016-04-02 10:55:17.738','{\"tamil\":\"சிவப்பு முள்ளங்கி\"}'),(7,'Lady\'s Finger','VEGETABLE','','Lady\'s Finger',NULL,'2016-02-27 00:00:00','2016-04-02 10:55:17.487','{\"tamil\":\"வெண்டைக்காய்\"}'),(8,'Onion-Small','VEGETABLE','','Onion',NULL,'2016-02-27 00:00:00','2016-04-02 10:55:17.617','{\"tamil\":\"சிறிய வெங்காயம்\"}'),(9,'Onion-Big','VEGETABLE','','Onion',NULL,'2016-02-27 00:00:00','2016-04-02 10:55:17.588','{\"tamil\":\"பெரிய வெங்காயம்\"}'),(10,'Beans - White','VEGETABLE','','Beans',NULL,'2016-02-27 00:00:00','2016-04-02 10:55:16.515','{\"tamil\":\"பீன்ஸ் - வெள்ளை\"}'),(11,'Broad Beans','VEGETABLE','','Broad Beans',NULL,'2016-02-27 00:00:00','2016-04-02 10:55:16.682','{\"tamil\":\"பிராட் பீன்ஸ்\"}'),(12,'DrumStick','VEGETABLE','','DrumStick',NULL,'2016-02-27 00:00:00','2016-04-02 10:55:17.288','{\"tamil\":\"முருங்கை\"}'),(13,'Green Peas','VEGETABLE','','Green Peas',NULL,'2016-02-27 00:00:00','2016-04-02 10:55:17.438','{\"tamil\":\"பச்சை பட்டாணி\"}'),(14,'Cauli Flower','VEGETABLE','','Cauli Flower',NULL,'2016-02-27 00:00:00','2016-04-02 10:55:16.866','{\"tamil\":\"காலிஃபிளவர்\"}'),(15,'Chow Chow','VEGETABLE','','Chow Chow',NULL,'2016-03-04 00:00:00','2016-04-02 10:55:16.999','{\"tamil\":\"மேரக்காய்\"}'),(16,'Capsicum','VEGETABLE','','Capsicum',NULL,'2016-03-04 00:00:00','2016-04-02 10:55:16.800','{\"tamil\":\"குடை மிளகாய்\"}'),(17,'Cucumber','VEGETABLE','','Cucumber',NULL,'2016-03-04 00:00:00','2016-04-02 10:55:17.133','{\"tamil\":\"வெள்ளரி\"}'),(18,'Broad Beans - Biscuit','VEGETABLE','','Biscuit Beans',NULL,'2016-03-04 00:00:00','2016-04-02 10:55:16.732','{\"tamil\":\"அவரை - பிஸ்கட்\"}'),(19,'Brinjal - Country','VEGETABLE','','Country Brinjal',NULL,'2016-03-04 00:00:00','2016-04-02 10:55:16.666','{\"tamil\":\"நாட்டு கத்தரிக்காய்\"}'),(20,'Chilli - Country','VEGETABLE','','Green Chilli',NULL,'2016-03-04 00:00:00','2016-04-02 10:55:16.933','{\"tamil\":\"நாட்டு மிளகாய்\"}'),(21,'Radish - White','VEGETABLE','','White Radish',NULL,'2016-03-04 00:00:00','2016-04-02 10:55:17.766','{\"tamil\":\"வெள்ளை முள்ளங்கி\"}'),(22,'Ridge Gourd','VEGETABLE','','Ridge Gourd',NULL,'2016-03-04 00:00:00','2016-04-02 10:55:17.816','{\"tamil\":\"பீர்கங்காய்\"}'),(23,'Bottle Gourd','VEGETABLE','','Bottle Gourd',NULL,'2016-03-04 00:00:00','2016-04-02 10:55:16.616','{\"tamil\":\"சுரைக்காய்\"}'),(24,'Bitter Gourd','VEGETABLE','','Bitter Gourd',NULL,'2016-03-04 00:00:00','2016-04-02 10:55:16.583','{\"tamil\":\"பாகற்காய்\"}'),(25,'Lemon','VEGETABLE','','Lemon',NULL,'2016-03-04 00:00:00','2016-04-02 10:55:17.516','{\"tamil\":\"எலுமிச்சை\"}'),(26,'Papaya','VEGETABLE','','Papaya',NULL,'2016-03-04 00:00:00','2016-04-02 10:55:17.638','{\"tamil\":\"பப்பாளி\"}'),(27,'Broad Beans - Belt','VEGETABLE','','Broad Beans',NULL,'2016-03-06 00:00:00','2016-04-02 10:55:16.716','{\"tamil\":\"அவரை - பெல்ட்\"}'),(28,'Chilli - Samba','VEGETABLE','','Samba Chilli',NULL,'2016-03-06 00:00:00','2016-04-02 10:55:16.966','{\"tamil\":\"சம்பா மிளகாய்\"}'),(29,'Beetroot - Ooty','VEGETABLE','','Ooty Beetroot',NULL,'2016-03-06 00:00:00','2016-04-02 10:55:16.565','{\"tamil\":\"பீட்ரூட் - ஊட்டி\"}'),(30,'Mango - Green','VEGETABLE','','Green Mango',NULL,'2016-03-06 00:00:00','2016-04-02 10:55:17.537','{\"tamil\":\"மாங்காய்\"}'),(31,'Banana - Raw','VEGETABLE','','Raw Banana',NULL,'2016-03-06 00:00:00','2016-04-02 10:55:16.415','{\"tamil\":\"வாழைகாய்\"}'),(32,'Turnip','VEGETABLE','','Turnip',NULL,'2016-03-06 00:00:00','2016-04-02 10:55:17.988','{\"tamil\":\"டர்னிப்\"}'),(33,'Nookal','VEGETABLE','','Nookal',NULL,'2016-03-06 00:00:00','2016-04-02 10:55:17.567','{\"tamil\":\"நூக்கல்\"}'),(34,'Snake Gourd','VEGETABLE','','Snake Gourd',NULL,'2016-03-06 00:00:00','2016-04-02 10:55:17.837','{\"tamil\":\"புடலை\"}'),(35,'Cabbage','VEGETABLE','','Cabbage',NULL,'2016-03-06 00:00:00','2016-04-02 10:55:16.766','{\"tamil\":\"முட்டைக்கோஸ்\"}'),(36,'Corriander Leaf','VEGETABLE','','Corriander Leaf - Kattu',NULL,'2016-03-07 00:00:00','2016-04-02 10:55:17.099','{\"tamil\":\"கொத்தமல்லி\"}'),(37,'Curry Leaf','VEGETABLE','','Curry Leaf',NULL,'2016-03-07 00:00:00','2016-04-02 10:55:17.266','{\"tamil\":\"கறிவேப்பிலை\"}'),(38,'Pudhina','VEGETABLE','','Pudhina - Kattu',NULL,'2016-03-07 00:00:00','2016-04-02 10:55:17.688','{\"tamil\":\"புதினா \"}'),(39,'Gooseberry','VEGETABLE','','Gooseberry - Nellikai',NULL,'2016-03-07 00:00:00','2016-04-02 10:55:17.416','{\"tamil\":\"நெல்லிக்காய்\"}'),(40,'Ginger','VEGETABLE','','Ginger',NULL,'2016-03-08 00:00:00','2016-04-02 10:55:17.366','{\"tamil\":\"இஞ்சி\"}'),(41,'Pumpkin','VEGETABLE','','Pumpkin',NULL,'2016-03-08 00:00:00','2016-04-02 10:55:17.717','{\"tamil\":\"பூசணிக்காய்\"}'),(42,'Arasani','VEGETABLE','','Arasani',NULL,'2016-03-08 00:00:00','2016-04-02 10:55:16.382','{\"tamil\":\"அரசாணி\"}'),(43,'Sweet Potato','VEGETABLE','','Sakaravalli',NULL,'2016-03-09 00:00:00','2016-04-02 10:55:17.866','{\"tamil\":\"சர்க்கரை வள்ளி கிழங்கு\"}'),(44,'Tapioca','VEGETABLE','','Maravalli',NULL,'2016-03-09 00:00:00','2016-04-02 10:55:17.887','{\"tamil\":\"மரவள்ளி கிழங்கு\"}'),(45,'Elephant Foot Yam','VEGETABLE','','Senai Kilangu',NULL,'2016-03-09 00:00:00','2016-04-02 10:55:17.316','{\"tamil\":\"சேனைக்கிழங்கு\"}'),(46,'Red Cow Peas','VEGETABLE','','Thatta Payir',NULL,'2016-03-12 00:00:00','2016-04-02 10:55:17.788','{\"tamil\":\"தட்டப்பயிறு \"}'),(47,'Ivy Gourd','VEEGTABLE','','Kovakai',NULL,'2016-03-12 00:00:00','2016-04-02 10:55:17.466','{\"tamil\":\"கோவைக்காய்\"}'),(48,'Coconut','VEGETABLE','','Cocunut',NULL,'2016-03-13 00:00:00','2016-04-02 10:55:17.066','{\"tamil\":\"தேங்காய்\"}'),(49,'Ginger - Mango','VEGETABLE','','Ginger - Mango',NULL,'2016-03-14 00:00:00','2016-04-02 10:55:17.388','{\"tamil\":\"மாங்காய் இஞ்சி\"}'),(50,'Garlic','VEGETABLE','','Garlic',NULL,'2016-03-16 00:00:00','2016-04-02 10:55:17.338','{\"tamil\":\"பூண்டு\"}'),(51,'Cluster Beans','VEGETABLE','','Cluster Beans',NULL,'2016-03-17 00:00:00','2016-04-02 10:55:17.038','{\"tamil\":\"கொத்தவரைங்காய்\"}'),(52,'Beans - Reliance','VEGETABLE','','Reliance Beans',NULL,'2016-03-18 00:00:00','2016-04-02 10:55:16.482','{\"tamil\":\"பீன்ஸ் - ரிலையன்ஸ்\"}'),(53,'Beans - Bush','VEGETABLE','','Bush Beans',NULL,'2016-03-20 00:00:00','2016-04-02 10:55:16.466','{\"tamil\":\"பீன்ஸ் - புஷ்\"}'),(54,'Chilli - Bullet','VEGETABLE','','Chilli - Bullet',NULL,'2016-03-21 00:00:00','2016-04-02 10:55:16.899','{\"tamil\":\"புல்லட் மிளகாய்\"}'),(55,'Cucumber - Organic','VEGETABLE','','Cucumber - Organic',NULL,'2016-03-21 00:00:00','2016-04-02 10:55:17.166','{\"tamil\":\"கரிம வெள்ளரி\"}'),(56,'Amaranthus','VEGETABLE','','Thandu Keerai',NULL,'2016-03-21 00:00:00','2016-04-02 10:55:16.349','{\"tamil\":\"தன்டு கீரை\"}'),(57,'White Turmeric','VEGETABLE','','White Turmeric',NULL,'2016-03-22 00:00:00','2016-04-02 10:55:18.016','{\"tamil\":\"பூலாங்கிழங்கு\"}'),(58,'Tomato - Apple','VEGETABLE','','Apple Tomato',NULL,'2016-03-23 00:00:00','2016-04-02 10:55:17.938','{\"tamil\":\"ஆப்பிள் தக்காளி\"}'),(59,'Cucumber - Tender','VEGETABLE','','Tender Cucumber',NULL,'2016-03-24 00:00:00','2016-04-02 10:55:17.199','{\"tamil\":\"வெள்ளரி பிஞ்சு\"}'),(60,'Cucumber - Yellow','VEGETABLE','','Yellow Cucumber',NULL,'2016-03-24 00:00:00','2016-04-02 10:55:17.232','{\"tamil\":\"சாம்பார் வெள்ளரி\"}'),(61,'Taro','VEGETABLE','','Taro',NULL,'2016-03-24 00:00:00','2016-04-02 10:55:17.916','{\"tamil\":\"செம்பு\"}'),(62,'Banana Leaf','VEGETABLE','','Banana Leaf',NULL,'2016-03-24 00:00:00','2016-04-02 10:55:16.432','{\"tamil\":\"வாழைஇலை\"}'),(63,'Banana Stem','VEGETABLE','','Banana Stem',NULL,'2016-03-29 00:00:00','2016-04-04 06:18:59.473','{\"tamil\":\"வாழைதண்டு\"}');
/*!40000 ALTER TABLE `products` ENABLE KEYS */;
UNLOCK TABLES;

--
-- Table structure for table `stores`
--

DROP TABLE IF EXISTS `stores`;
/*!40101 SET @saved_cs_client     = @@character_set_client */;
/*!40101 SET character_set_client = utf8 */;
CREATE TABLE `stores` (
  `id` bigint(20) unsigned NOT NULL AUTO_INCREMENT,
  `user_id` bigint(20) DEFAULT NULL,
  `sales_user_id` bigint(20) DEFAULT NULL,
  `name` varchar(100) NOT NULL,
  `owner_name` varchar(100) NOT NULL,
  `phone_no` varchar(13) NOT NULL,
  `address` longtext,
  `created_at` datetime DEFAULT NULL,
  `updated_at` timestamp(3) NOT NULL DEFAULT CURRENT_TIMESTAMP(3) ON UPDATE CURRENT_TIMESTAMP(3),
  `locality` varchar(100) DEFAULT NULL,
  `type` varchar(10) DEFAULT 'SMALL',
  `pincode` varchar(6) DEFAULT NULL,
  `city` varchar(100) DEFAULT '',
  `state` varchar(100) DEFAULT '',
  PRIMARY KEY (`id`),
  KEY `index_on_name` (`name`),
  KEY `index_on_owner_name` (`owner_name`),
  KEY `index_on_city` (`city`),
  KEY `index_on_phone_no` (`phone_no`),
  KEY `index_on_state` (`state`)
) ENGINE=InnoDB AUTO_INCREMENT=12 DEFAULT CHARSET=utf8mb4;
/*!40101 SET character_set_client = @saved_cs_client */;

--
-- Dumping data for table `stores`
--

LOCK TABLES `stores` WRITE;
/*!40000 ALTER TABLE `stores` DISABLE KEYS */;
INSERT INTO `stores` VALUES (1,6,NULL,'Food Palace','food palace','8553604772','Near Bakasur','2015-12-22 18:59:41','2016-04-05 06:50:36.606','Bellandur','LARGE','560102','COIMBATORE',''),(2,6,NULL,'Stop N Shop','Srinand','8553604772','Suncity ','2016-01-20 15:10:44','2016-04-05 06:50:38.627','Green Glen Layout','MEDIUM','560102','COIMBATORE',''),(3,6,NULL,'stop ','srinand','8553604772','suncity','2016-01-20 15:32:15','2016-04-05 06:50:40.562','green glen layout','SMALL','560102','COIMBATORE',''),(4,6,NULL,'stop ','srinand','8553604772','suncity','2016-01-20 15:33:01','2016-04-05 06:50:42.330','green glen layout','SMALL','560102','COIMBATORE',''),(5,6,NULL,'stop ','srinand','8553604772','suncity','2016-01-20 15:34:02','2016-04-05 06:50:44.073','green glen layout','SMALL','560102','COIMBATORE',''),(6,6,NULL,'More','More','8553604772','Sarjapur Road','2016-01-20 19:11:18','2016-04-05 06:50:46.112','Sarjapur Road','LARGE','560102','COIMBATORE',''),(7,6,NULL,'new store','Srinand','8553604772','Suncity','2016-01-20 19:54:16','2016-04-05 06:50:47.875','Green Glen Layout','MEDIUM','560102','COIMBATORE',''),(10,6,NULL,'Food Palace 2','Srinand','8553604772','Near Bakasur','2016-01-20 20:49:19','2016-04-05 06:50:49.770','Bellandur','MEDIUM','560102','COIMBATORE',''),(11,5,NULL,'Store Test','test','8553604772','Bellandur','2016-02-04 22:20:11','2016-04-05 14:23:43.708','Bellandur','MEDIUM','560102','COIMBATORE','TAMILNADU');
/*!40000 ALTER TABLE `stores` ENABLE KEYS */;
UNLOCK TABLES;

--
-- Table structure for table `users`
--

DROP TABLE IF EXISTS `users`;
/*!40101 SET @saved_cs_client     = @@character_set_client */;
/*!40101 SET character_set_client = utf8 */;
CREATE TABLE `users` (
  `id` bigint(20) unsigned NOT NULL AUTO_INCREMENT,
  `type` varchar(25) DEFAULT 'SALES',
  `name` varchar(100) DEFAULT NULL,
  `email_id` varchar(50) DEFAULT NULL,
  `phone_no` varchar(13) DEFAULT NULL,
  `password` text,
  `address` text,
  `created_at` datetime DEFAULT NULL,
  `updated_at` timestamp(3) NOT NULL DEFAULT CURRENT_TIMESTAMP(3) ON UPDATE CURRENT_TIMESTAMP(3),
  `status` varchar(20) DEFAULT 'INACTIVE',
  PRIMARY KEY (`id`),
  UNIQUE KEY `uindex_on_email_id` (`email_id`),
  KEY `index_on_type` (`type`),
  KEY `index_on_phone_no` (`phone_no`)
) ENGINE=InnoDB AUTO_INCREMENT=7 DEFAULT CHARSET=utf8mb4;
/*!40101 SET character_set_client = @saved_cs_client */;

--
-- Dumping data for table `users`
--

LOCK TABLES `users` WRITE;
/*!40000 ALTER TABLE `users` DISABLE KEYS */;
INSERT INTO `users` VALUES (1,'ADMIN','Srinand','sreenand.c@gmail.com','8553604772','078bbb4bf0f7117fb131ec45f15b5b87','A4-301, Genesis Corporate Leisure, Green Glen Layout, Bangalore, 560103','2015-12-21 01:09:11','2016-03-09 09:18:20.437','ACTIVE'),(2,'SALES','VijayaKumar','vijayakumarceg@gmail.com','8892448723','078bbb4bf0f7117fb131ec45f15b5b87','A4-301, Genesis Corporate Leisure, Green Glen Layout, Bangalore, 560102','2015-12-22 19:08:08','2016-01-20 11:38:26.554','ACTIVE'),(5,'ADMIN','Raghul','raghulceg@gmail.com','8553604772','078bbb4bf0f7117fb131ec45f15b5b87','Suncity Aptmts','2016-01-21 19:30:19','2016-01-21 14:02:30.434','ACTIVE'),(6,'STORE','Srinand','sreenand@gmail.com','8553604772','078bbb4bf0f7117fb131ec45f15b5b87','A4-301, Genesis Corporate Leisure, Green Glen Layout, Bangalore, 560103','2015-12-21 01:09:11','2016-03-09 09:18:20.437','ACTIVE');
/*!40000 ALTER TABLE `users` ENABLE KEYS */;
UNLOCK TABLES;
/*!40103 SET TIME_ZONE=@OLD_TIME_ZONE */;

/*!40101 SET SQL_MODE=@OLD_SQL_MODE */;
/*!40014 SET FOREIGN_KEY_CHECKS=@OLD_FOREIGN_KEY_CHECKS */;
/*!40014 SET UNIQUE_CHECKS=@OLD_UNIQUE_CHECKS */;
/*!40101 SET CHARACTER_SET_CLIENT=@OLD_CHARACTER_SET_CLIENT */;
/*!40101 SET CHARACTER_SET_RESULTS=@OLD_CHARACTER_SET_RESULTS */;
/*!40101 SET COLLATION_CONNECTION=@OLD_COLLATION_CONNECTION */;
/*!40111 SET SQL_NOTES=@OLD_SQL_NOTES */;

-- Dump completed on 2016-04-08  7:35:15
